,MITNet-Adam,MITNet-AdamW
Accuracy,0.8564940962761126,0.8583106267029973
ROC-AUC Score,0.784896486825596,0.7871685762398467
F1 Score,0.7063197026022305,0.7100371747211895
